source_id,status,error,entries,in_window,emitted,last_ok,fail_streak,last_run
airmdr,ok,,10,0,0,2026-10-05,0,2026-10-05
anvilogic,ok,,100,1,0,2026-10-05,0,2026-10-05
any-run,ok,,10,0,0,2026-10-05,0,2026-10-05
aqua-nautilus,ok,,10,0,0,2026-10-05,0,2026-10-05
arctic-wolf,ok,,10,2,0,2026-10-05,0,2026-10-05
artemis,failed,http 403,0,0,0,2026-10-02,1,2026-10-05
axoflow,ok,,100,0,0,2026-10-05,0,2026-10-05
binalyze,ok,,10,0,0,2026-10-05,0,2026-10-05
bitdefender-labs,ok,,15,0,0,2026-10-05,0,2026-10-05
bleepingcomputer,ok,,15,15,14,2026-10-05,0,2026-10-05
blinkops,failed,http 403,0,0,0,,4,2026-10-05
bricklayer-ai,ok,,10,0,0,2026-10-05,0,2026-10-05
canadian-centre-for-cyber-security,ok,,50,5,3,2026-10-05,0,2026-10-05
cert-cc-vulnerability-notes,ok,,15,0,0,2026-10-05,0,2026-10-05
cert-eu-advisories,ok,,10,0,0,2026-10-05,0,2026-10-05
cert-fr-alerts,ok,,40,0,0,2026-10-05,0,2026-10-05
check-point-research,ok,,15,1,1,2026-10-05,0,2026-10-05
cisa-cybersecurity-advisories,ok,,30,1,1,2026-10-05,0,2026-10-05
cisa-news,ok,,10,0,0,2026-10-05,0,2026-10-05
cisco-talos,ok,,15,0,0,2026-10-05,0,2026-10-05
citizen-lab,ok,,10,1,1,2026-10-05,0,2026-10-05
cloudflare,ok,,20,3,2,2026-10-05,0,2026-10-05
conifers,ok,,10,0,0,2026-10-05,0,2026-10-05
cribl,ok,,300,0,0,2026-10-05,0,2026-10-05
crowdstrike,ok,,10,0,0,2026-10-05,0,2026-10-05
cso-online,ok,,20,2,2,2026-10-05,0,2026-10-05
cvefeed-io,ok,,25,25,25,2026-10-05,0,2026-10-05
cyberscoop,ok,,10,1,1,2026-10-05,0,2026-10-05
cybersecurity-dive,ok,,10,4,4,2026-10-05,0,2026-10-05
d3-security,ok,,9,1,0,2026-10-05,0,2026-10-05
dark-reading,ok,,50,3,2,2026-10-05,0,2026-10-05
darktrace,ok,,100,0,0,2026-10-05,0,2026-10-05
databreaches-net,ok,,10,10,10,2026-10-05,0,2026-10-05
databricks,ok,,10,2,2,2026-10-05,0,2026-10-05
datadog,ok,,96,1,1,2026-10-05,0,2026-10-05
datadog-security-labs,ok,,30,1,1,2026-10-05,0,2026-10-05
deeptempo,ok,,100,0,0,2026-10-05,0,2026-10-05
deepwatch,ok,,10,0,0,2026-10-05,0,2026-10-05
digital-hands,ok,,10,0,0,2026-10-05,0,2026-10-05
dropzone-ai,ok,,100,0,0,2026-10-05,0,2026-10-05
elastic,ok,,40,0,0,2026-10-05,0,2026-10-05
elastic-security-labs,ok,,300,1,1,2026-10-05,0,2026-10-05
embed-security,ok,,10,0,0,2026-10-05,0,2026-10-05
eset-welivesecurity,ok,,100,0,0,2026-10-05,0,2026-10-05
exabeam,ok,,10,0,0,2026-10-05,0,2026-10-05
exaforce,ok,,61,0,0,2026-10-05,0,2026-10-05
expel,ok,,10,1,1,2026-10-05,0,2026-10-05
exploit-db,ok,,50,0,0,2026-10-05,0,2026-10-05
extrahop,ok,,49,1,0,2026-10-05,0,2026-10-05
fig,failed,feed is valid but empty,0,0,0,,4,2026-10-05
full-disclosure-seclists,ok,,15,0,0,2026-10-05,0,2026-10-05
google-project-zero,ok,,10,0,0,2026-10-05,0,2026-10-05
google-threat-intelligence-mandiant,ok,,20,0,0,2026-10-05,0,2026-10-05
graham-cluley,ok,,20,1,1,2026-10-05,0,2026-10-05
greynoise,ok,,100,0,0,2026-10-05,0,2026-10-05
group-ib,ok,,300,0,0,2026-10-05,0,2026-10-05
gurucul,ok,,12,0,0,2026-10-05,0,2026-10-05
help-net-security,ok,,10,10,10,2026-10-05,0,2026-10-05
horizon3-ai,failed,http 403,0,0,0,2026-10-02,1,2026-10-05
hunters,ok,,10,0,0,2026-10-05,0,2026-10-05
huntress,ok,,300,1,1,2026-10-05,0,2026-10-05
imperum,failed,ConnectTimeout,0,0,0,2026-10-02,1,2026-10-05
infosecurity-magazine,ok,,250,6,6,2026-10-05,0,2026-10-05
jpcert-cc,ok,,6,0,0,2026-10-05,0,2026-10-05
kaspersky-securelist,failed,ConnectError,0,0,0,,4,2026-10-05
krebs-on-security,ok,,10,0,0,2026-10-05,0,2026-10-05
lab52,ok,,6,1,1,2026-10-05,0,2026-10-05
malwarebytes-labs,ok,,20,3,3,2026-10-05,0,2026-10-05
microsoft-security-blog,ok,,10,0,0,2026-10-05,0,2026-10-05
microsoft-sentinel,ok,,20,0,0,2026-10-05,0,2026-10-05
mitiga,ok,,100,1,0,2026-10-05,0,2026-10-05
msrc-update-guide,ok,,285,4,4,2026-10-05,0,2026-10-05
ncsc-uk,ok,,20,0,0,2026-10-05,0,2026-10-05
nebulock,ok,,31,1,1,2026-10-05,0,2026-10-05
objective-see,ok,,128,0,0,2026-10-05,0,2026-10-05
orryx-ai,ok,,1,0,0,2026-10-05,0,2026-10-05
oss-security-seclists,ok,,15,15,13,2026-10-05,0,2026-10-05
palo-alto-networks,ok,,10,0,0,2026-10-05,0,2026-10-05
palo-alto-unit-42,ok,,15,0,0,2026-10-05,0,2026-10-05
pre-security,ok,,9,0,0,2026-10-05,0,2026-10-05
priam-cyber-ai,ok,,9,0,0,2026-10-05,0,2026-10-05
proofpoint-threat-insight,ok,,10,0,0,2026-10-05,0,2026-10-05
prophet-security,ok,,100,0,0,2026-10-05,0,2026-10-05
qualys-threat-research,ok,,3,1,0,2026-10-05,0,2026-10-05
ransomware-live,ok,,200,65,60,2026-10-05,0,2026-10-05
rapid7,ok,,20,0,0,2026-10-05,0,2026-10-05
recorded-future,ok,,50,0,0,2026-10-05,0,2026-10-05
red-canary,ok,,10,0,0,2026-10-05,0,2026-10-05
reliaquest,failed,http 500,0,0,0,,4,2026-10-05
reversinglabs,ok,,50,0,0,2026-10-05,0,2026-10-05
risky-business-news,ok,,100,0,0,2026-10-05,0,2026-10-05
runreveal,ok,,15,0,0,2026-10-05,0,2026-10-05
sans-internet-storm-center,ok,,10,4,4,2026-10-05,0,2026-10-05
sc-media,ok,,10,10,10,2026-10-05,0,2026-10-05
schneier-on-security,ok,,10,2,1,2026-10-05,0,2026-10-05
seculyze,failed,http 403,0,0,0,2026-10-02,1,2026-10-05
secure-com,ok,,7,0,0,2026-10-05,0,2026-10-05
securevisio,ok,,10,0,0,2026-10-05,0,2026-10-05
security-affairs,ok,,10,10,10,2026-10-05,0,2026-10-05
securityweek,ok,,10,10,10,2026-10-05,0,2026-10-05
sekoia-tdr,ok,,100,0,0,2026-10-05,0,2026-10-05
sentinellabs,ok,,10,0,0,2026-10-05,0,2026-10-05
sentinelone,ok,,10,0,0,2026-10-05,0,2026-10-05
shuffle,ok,,8,0,0,2026-10-05,0,2026-10-05
silent-push,ok,,10,0,0,2026-10-05,0,2026-10-05
simbian,ok,,165,0,0,2026-10-05,0,2026-10-05
sleuth-kit-labs,ok,,8,0,0,2026-10-05,0,2026-10-05
soc-prime,ok,,10,2,2,2026-10-05,0,2026-10-05
socket,ok,,10,0,0,2026-10-05,0,2026-10-05
stellar-cyber,ok,,10,2,2,2026-10-05,0,2026-10-05
sumo-logic,failed,feed is valid but empty,0,0,0,,4,2026-10-05
swimlane,failed,feed is valid but empty,0,0,0,,4,2026-10-05
tenable,ok,,10,0,0,2026-10-05,0,2026-10-05
tenacium-dc,ok,,11,0,0,2026-10-05,0,2026-10-05
tenex-ai,ok,,10,0,0,2026-10-05,0,2026-10-05
tenzir,ok,,38,1,1,2026-10-05,0,2026-10-05
the-dfir-report,ok,,10,0,0,2026-10-05,0,2026-10-05
the-hacker-news,ok,,50,12,12,2026-10-05,0,2026-10-05
the-record-recorded-future-news,ok,,5,5,5,2026-10-05,0,2026-10-05
the-register-security,failed,"not a feed (blocked, or moved)",0,0,0,,4,2026-10-05
threatdefence,ok,,10,0,0,2026-10-05,0,2026-10-05
tines,ok,,12,0,0,2026-10-05,0,2026-10-05
trail-of-bits,ok,,20,0,0,2026-10-05,0,2026-10-05
trend-micro,ok,,100,0,0,2026-10-05,0,2026-10-05
troy-hunt,ok,,15,1,1,2026-10-05,0,2026-10-05
tuskira,ok,,98,0,0,2026-10-05,0,2026-10-05
underdefense,ok,,10,0,0,2026-10-05,0,2026-10-05
volexity,ok,,10,0,0,2026-10-05,0,2026-10-05
watchtowr-labs,ok,,15,0,0,2026-10-05,0,2026-10-05
wiz,ok,,300,1,1,2026-10-05,0,2026-10-05
zero-day-initiative,ok,,20,0,0,2026-10-05,0,2026-10-05
zscaler,ok,,50,0,0,2026-10-05,0,2026-10-05
zynap,ok,,10,0,0,2026-10-05,0,2026-10-05
